company;location;industry;total_laid_off;percentage_laid_off;date;stage;country;funds_raised_millions
&Open;Dublin;Marketing;9;0.09;17-11-2022;Series A;Ireland;35
#Paid;Toronto;Marketing;19;0.17;27-01-2023;Series B;Canada;21
10X Genomics;SF Bay Area;Healthcare;100;0.08;04-08-2022;Post-IPO;United States;242
1stdibs;New York City;Retail;70;0.17;02-04-2020;Series D;United States;253
2TM;Sao Paulo;Crypto;90;0.12;01-06-2022;Unknown;Brazil;250
2TM;Sao Paulo;Crypto;100;0.15;01-09-2022;Unknown;Brazil;250
54gene;Washington D.C.;Healthcare;95;0.3;29-08-2022;Series B;United States;44
6sense;SF Bay Area;Sales;150;0.1;12-10-2022;Series E;United States;426
8x8;SF Bay Area;Support;155;0.07;18-01-2023;Post-IPO;United States;253
8x8;SF Bay Area;Support;200;0.09;04-10-2022;Post-IPO;United States;253
99;Sao Paulo;Transportation;75;0.02;20-09-2022;Acquired;Brazil;244
Abra;SF Bay Area;Crypto;12;0.05;30-06-2022;Series C;United States;106
Acast;Stockholm;Media;70;0.15;15-09-2022;Post-IPO;Sweden;126
Acko;Mumbai;Finance;45;0.09;01-04-2020;Unknown;India;143
Ada;Toronto;Support;78;0.16;20-09-2022;Series C;Canada;190
Ada Support;Toronto;Support;36;0.23;24-04-2020;Series B;Canada;60
Adaptive Biotechnologies;Seattle;Healthcare;100;0.12;08-03-2022;Post-IPO;United States;406
Addepar;SF Bay Area;Finance;20;0.03;18-01-2023;Series F;United States;491
AdRoll;Salt Lake City;Marketing;210;0.3;31-03-2020;Series C;United States;89
Advata;Seattle;Healthcare;32;0.21;28-10-2022;NULL;United States;NULL
Affirm;SF Bay Area;Finance;500;0.19;08-02-2023;Post-IPO;United States;1500
Afterverse;Brasilia;Consumer;60;0.2;03-06-2022;Unknown;Brazil;NULL
Agoda;Singapore;Travel;1500;0.25;18-05-2020;Acquired;Singapore;NULL
Ahead;SF Bay Area;Healthcare;44;1;14-04-2022;Unknown;United States;9
Airbnb;SF Bay Area;Travel;1900;0.25;05-05-2020;Private Equity;United States;5400
Airtable;SF Bay Area;Product;254;0.2;08-12-2022;Series F;United States;1400
Airtime;New York City;Consumer;30;0.2;23-05-2022;Series B;United States;33
Ajaib;Jakarta;Finance;67;0.08;28-11-2022;Unknown;Indonesia;245
Akili Labs;Baltimore;Healthcare;46;0.3;12-01-2023;Seed;United States;NULL
AlayaCare;Montreal;Healthcare;80;0.14;16-08-2022;Series D;Canada;293
Albert;Los Angeles;Finance;20;0.08;10-06-2022;Series C;United States;175
Alice;Sao Paulo;Healthcare;113;0.16;09-12-2022;Series C;Brazil;174
AliExpress Russia;Moscow;Retail;400;0.4;14-05-2022;Acquired;Russia;60
Alto Pharmacy;SF Bay Area;Healthcare;47;0.06;29-09-2020;Series D;United States;356
Amazon;Seattle;Retail;8000;0.02;04-01-2023;Post-IPO;United States;108
Amazon;Seattle;Retail;10000;0.03;16-11-2022;Post-IPO;United States;108
Amdocs;St. Louis;Support;700;0.03;02-01-2023;Post-IPO;United States;NULL
American Robotics;Boston;Other;50;0.65;17-01-2023;Acquired;United States;92
Amount;Chicago;Finance;130;0.25;27-02-2023;Unknown;United States;283
Amperity;Seattle;Marketing;13;0.03;20-08-2022;Series D;United States;187
Amplero;Seattle;Marketing;17;1;29-03-2020;Series B;United States;25
Andela;New York City;Recruiting;135;0.1;05-05-2020;Series D;United States;181
Anodot;Tel Aviv;Data;35;0.27;06-07-2022;Series C;United States;64
Antidote Health;Tel Aviv;Healthcare;23;0.38;23-10-2022;Unknown;Israel;36
Apartment List;SF Bay Area;Real Estate;29;0.1;31-08-2022;Series D;United States;169
App Annie;SF Bay Area;Data;80;0.18;28-04-2020;Unknown;United States;156
Appgate;Miami;Security;34;0.08;01-02-2023;Post-IPO;United States;NULL
AppGate;Miami;Security;130;0.22;21-07-2022;Post-IPO;United States;NULL
AppLovin;SF Bay Area;Marketing;300;0.12;27-06-2022;Post-IPO;United States;1600
ApplyBoard;Waterloo;Education;90;0.06;28-11-2022;Series D;Canada;483
Aqgromalin;Chennai;Food;80;0.3;20-06-2022;Unknown;India;12
Aqua Security;Boston;Security;65;0.1;05-12-2022;Series E;United States;265
Aqua Security;Tel Aviv;Security;24;0.09;01-04-2020;Series C;Israel;100
Argo AI;Pittsburgh;Transportation;150;0.05;07-07-2022;Unknown;United States;3600
Argyle;New York City;Finance;20;0.07;26-08-2022;Series B;United States;78
Armis;SF Bay Area;Security;25;0.04;08-12-2022;Private Equity;United States;537
Arrival;London;Transportation;800;0.5;30-01-2023;Post-IPO;United Kingdom;629
Arrive Logistics;Austin;Logistics;75;0.07;03-04-2020;Series B;United States;35
Article;Vancouver;Retail;216;0.17;04-08-2022;Series B;Canada;NULL
Artnight;Berlin;Retail;26;0.36;31-08-2022;Unknown;Germany;NULL
Asana;SF Bay Area;Other;180;0.09;15-11-2022;Post-IPO;United States;453
Astra;SF Bay Area;Aerospace;40;0.25;05-04-2020;Unknown;United States;100
Astronomer;Cincinnati;Data;76;0.2;04-01-2023;Series C;United States;282
Atlassian;Sydney;Other;500;0.05;06-03-2023;Post-IPO;Australia;210
AtoB;SF Bay Area;Finance;32;0.3;19-10-2022;Series B;United States;177
Atsu;Seattle;Infrastructure;6;1;10-04-2020;Unknown;United States;1
AU10TIX;Tel Aviv;Security;19;0.09;31-01-2023;Unknown;Israel;80
Augury;New York City;Manufacturing;20;0.05;04-01-2023;Series E;United States;274
Aura;Boston;Security;70;0.09;23-06-2022;Series F;United States;500
Autodesk;SF Bay Area;Other;250;0.02;02-02-2023;Post-IPO;United States;NULL
Automation Anywhere;SF Bay Area;Other;260;0.1;27-04-2020;Series B;United States;840
Avantage Entertainment;Minneapolis;Media;5;0.2;03-04-2020;Unknown;United States;NULL
AvantStay;Los Angeles;Travel;144;0.22;09-11-2022;Private Equity;United States;686
Avo;Tel Aviv;Food;500;0.67;01-05-2022;Series B;Israel;45
Away;New York City;Retail;60;0.1;07-04-2020;Series D;United States;181
Aya;Toronto;Finance;5;0.25;19-11-2020;Seed;United States;3
B8ta;SF Bay Area;Retail;250;0.5;26-03-2020;Series C;United States;88
Back Market;Paris;Retail;93;0.13;23-12-2022;Series E;France;1000
Banxa;Melbourne;Crypto;70;0.3;27-06-2022;Post-IPO;Australia;13
Bark;New York City;Retail;126;0.12;09-02-2023;Post-IPO;United States;NULL
Baton;SF Bay Area;Transportation;16;0.25;29-06-2022;Series A;United States;13
Beam Benefits;Columbus;Healthcare;31;0.08;08-02-2023;Series E;United States;168
Bench;Vancouver;Finance;47;0.1;27-03-2020;Series B;Canada;49
Benevity;Calgary;Other;137;0.14;18-01-2023;Unknown;Canada;69
Berlin Brands Group;Berlin;Retail;100;0.1;10-06-2022;Unknown;Germany;1000
Bestow;Dallas;Finance;41;0.14;24-06-2022;Series C;United States;137
Better.com;New York City;Real Estate;900;0.09;01-12-2021;Unknown;United States;905
Better.com;New York City;Real Estate;3000;0.33;08-03-2022;Unknown;United States;905
Bevi;Boston;Food;30;0.2;27-03-2020;Series C;United States;60
Beyond Meat;Los Angeles;Food;200;0.19;14-10-2022;Post-IPO;United States;122
BeyondMinds;Tel Aviv;Data;65;1;23-05-2022;Series A;Israel;16
BharatAgri;Mumbai;Food;40;0.43;15-01-2023;Series A;India;21
BigCommerce;Austin;Retail;180;0.13;15-12-2022;Post-IPO;United States;224
BioMarin;SF Bay Area;Healthcare;120;0.04;07-10-2022;Post-IPO;United States;585
Bird;Los Angeles;Transportation;138;0.23;07-06-2022;Post-IPO;United States;783
Bird;Los Angeles;Transportation;406;0.3;27-03-2020;Series D;United States;623
BitMEX;Non-U.S.;Crypto;75;0.25;04-04-2022;Seed;Seychelles;0
BitOasis;Dubai;Crypto;9;0.05;19-06-2022;Series B;United Arab Emirates;30
Bitpanda;Vienna;Crypto;270;0.27;24-06-2022;Series C;Austria;546
Bitso;Mexico City;Crypto;80;0.11;26-05-2022;Series C;Mexico;378
BitTitan;Seattle;Data;70;0.27;18-11-2021;Acquired;United States;46
Bizzabo;New York City;Marketing;100;0.37;01-12-2022;Series E;United States;194
Bizzabo;New York City;Marketing;120;0.3;05-07-2022;Series E;United States;194
Blackbaud;Charleston;Other;500;0.14;NULL;Post-IPO;United States;NULL
BlackLine;Los Angeles;Finance;95;0.05;08-12-2022;Private Equity;United States;220
Blend;SF Bay Area;Finance;100;0.06;10-11-2022;Post-IPO;United States;665
Blend;SF Bay Area;Finance;200;0.1;19-04-2022;Post-IPO;United States;665
Blend;SF Bay Area;Finance;220;0.12;15-08-2022;Post-IPO;United States;665
Blend;SF Bay Area;Finance;340;0.28;10-01-2023;Post-IPO;United States;665
Blockchain.com;London;Crypto;110;0.28;12-01-2023;Series D;United Kingdom;490
Blockchain.com;London;Crypto;150;0.25;21-07-2022;Series D;United Kingdom;490
BlockFi;New York City;Crypto;250;0.2;13-06-2022;Series E;United States;1000
BloomTech;SF Bay Area;Education;88;0.5;01-12-2022;Unknown;United States;NULL
Blueground;New York City;Real Estate;130;0.25;27-03-2020;Series B;United States;77
Blume Global;SF Bay Area;Logistics;30;0.1;30-03-2020;Unknown;United States;NULL
Bluprint;Denver;Education;137;1;26-05-2020;Acquired;United States;108
Bolt;SF Bay Area;Finance;50;0.1;24-01-2023;Series E;United States;1300
Bolt;SF Bay Area;Finance;240;0.27;25-05-2022;Series E;United States;1300
Bonsai;Toronto;Retail;29;0.34;26-04-2022;Series A;Canada;27
Bonsai;Toronto;Retail;30;0.55;20-06-2022;Series A;Canada;27
Bonterra;Austin;Other;140;0.1;13-01-2023;Unknown;United States;NULL
BookClub;Salt Lake City;Education;12;0.25;31-05-2022;Series A;United States;26
Booking.com;Amsterdam;Travel;4375;0.25;30-07-2020;Acquired;Netherlands;NULL
BookMyShow;Mumbai;Consumer;270;0.18;28-05-2020;Unknown;India;224
Boozt;Malmo;Retail;70;0.05;09-06-2022;Post-IPO;Sweden;56
Borrowell;Toronto;Finance;15;0.2;06-04-2020;Series B;Canada;72
Bounce;Bengaluru;Transportation;40;0.05;06-01-2023;Series D;India;214
Bounce;Bengaluru;Transportation;130;0.22;29-06-2020;Series D;India;214
Bounce;Bengaluru;Transportation;200;0.4;22-02-2021;Series D;India;214
BounceX;New York City;Marketing;77;0.2;06-04-2020;Series B;United States;75
Branch;New York City;Retail;3;0.27;11-06-2020;Seed;United States;2
Branch Metrics;SF Bay Area;Marketing;100;0.2;07-04-2020;Series E;United States;367
Brave Care;Portland;Healthcare;40;0.33;06-09-2022;Series B;United States;42
Breathe;New Delhi;Healthcare;50;0.33;14-06-2022;Series A;India;6
Breather;Montreal;Real Estate;120;0.8;16-12-2020;Series D;Canada;131
Brex;SF Bay Area;Finance;62;0.15;29-05-2020;Series C;United States;732
Brex;SF Bay Area;Finance;136;0.11;11-10-2022;Series D;United States;1500
Bridge Connector;Nashville;Healthcare;154;1;17-11-2020;Series B;United States;45
Bridgit;Waterloo;Construction;13;0.13;06-12-2022;Series B;Canada;36
Bright Machines;SF Bay Area;Data;30;0.08;28-06-2022;Unknown;Israel;250
Bright Money;Bengaluru;Finance;100;0.5;15-07-2022;Series A;India;31
Brighte;Sydney;Energy;30;0.15;20-06-2022;Series C;Australia;145
Bringg;Tel Aviv;Logistics;10;0.1;21-04-2020;Series D;Israel;84
Britishvolt;London;Transportation;206;1;17-01-2023;Unknown;United Kingdom;2400
Briza;Toronto;Finance;26;0.4;20-12-2022;Series A;Canada;10
Bryter;Berlin;Product;100;0.3;13-07-2022;Series B;Germany;89
Buenbit;Buenos Aires;Crypto;80;0.45;23-05-2022;Series A;Argentina;11
Builder;Los Angeles;Product;39;0.14;04-06-2020;Series A;United States;29
Built In;Chicago;Recruiting;50;0.25;05-10-2022;Series C;United States;29
Bullish;Hong Kong;Crypto;30;0.08;05-07-2022;Unknown;Hong Kong;300
BusBud;Montreal;Transportation;23;0.32;06-04-2020;Series B;Canada;21
Buser;Sao Paulo;Transportation;160;0.3;08-12-2022;Series C;Brazil;138
Bustle Digital Group;New York City;Media;24;0.08;03-04-2020;Series E;United States;80
Butler Hospitality;New York City;Food;1000;1;08-07-2022;Series B;United States;50
Button;New York City;Marketing;48;0.35;08-04-2020;Series C;United States;64
Buy.com / Rakuten;SF Bay Area;Retail;87;1;30-07-2020;Acquired;United States;42
BuzzFeed;New York City;Media;180;0.12;06-12-2022;Post-IPO;United States;696
BVAccel;San Diego;Marketing;25;0.25;08-04-2020;Unknown;United States;NULL
Bybit;Singapore;Crypto;600;0.3;20-06-2022;Unknown;Singapore;NULL
Byju's;Bengaluru;Education;2500;0.05;12-10-2022;Private Equity;India;5500
C2FO;Kansas City;Finance;20;0.02;09-12-2022;Series H;United States;537
C6 Bank;Sao Paulo;Finance;60;0.06;06-04-2020;Unknown;Brazil;NULL
Cadre;New York City;Real Estate;28;0.25;11-05-2020;Series C;United States;133
Calibrate;New York City;Healthcare;156;0.24;08-07-2022;Series B;United States;127
Callisto Media;SF Bay Area;Media;140;0.35;21-07-2022;Series D;United States;NULL
Calm;SF Bay Area;Healthcare;90;0.2;11-08-2022;Series C;United States;218
Cameo;Chicago;Consumer;87;0.25;04-05-2022;Unknown;United States;165
Candy Digital;New York City;Crypto;33;0.33;28-11-2022;Series A;United States;100
Canoo;Los Angeles;Transportation;58;0.06;01-07-2022;Post-IPO;United States;300
Capitolis;New York City;Finance;37;0.25;17-11-2022;Series D;United States;281
CaptivateIQ;SF Bay Area;Sales;31;0.1;15-11-2022;Series C;United States;164
Carbon Health;SF Bay Area;Healthcare;250;0.08;02-06-2022;Series D;United States;522
Careem;Dubai;Transportation;536;0.31;04-05-2020;Acquired;United Arab Emirates;771
Career Karma;SF Bay Area;Education;60;0.33;28-07-2022;Series B;United States;51
CarGurus;Boston;Transportation;130;0.13;16-04-2020;Post-IPO;United States;1
Carousell;Singapore;Retail;110;0.1;01-12-2022;Private Equity;Singapore;372
Cars24;Gurugram;Transportation;600;0.06;19-05-2022;Series G;India;1300
Carta;SF Bay Area;Finance;161;0.16;15-04-2020;Series E;United States;447
Carvana;Phoenix;Transportation;2500;0.12;10-05-2022;Post-IPO;United States;1600
Carvana;Phoenix;Transportation;1500;0.08;18-11-2022;Post-IPO;United States;1600
Carwow;London;Transportation;70;0.2;25-11-2022;Unknown;United Kingdom;157
Casper;New York City;Retail;78;0.21;21-04-2020;Post-IPO;United States;339
Cazoo;London;Transportation;750;0.15;07-06-2022;Post-IPO;United Kingdom;2000
Celsius;New York City;Crypto;150;0.25;03-07-2022;Series B;United States;864
Cerebral;SF Bay Area;Healthcare;285;0.15;27-02-2023;Series C;United States;462
Cerebral;SF Bay Area;Healthcare;400;0.2;24-10-2022;Series C;United States;462
Chainalysis;New York City;Crypto;44;0.05;01-02-2023;Series F;United States;536
Chargebee;SF Bay Area;Finance;142;0.1;02-11-2022;Series H;United States;468
Checkmarx;Tel Aviv;Security;100;0.1;02-11-2022;Series C;Israel;92
Checkout.com;London;Finance;100;0.05;13-09-2022;Series D;United Kingdom;1800
Checkr;SF Bay Area;HR;64;0.12;23-07-2020;Series D;United States;309
Chime;SF Bay Area;Finance;156;0.12;02-11-2022;Series G;United States;2300
Chipper Cash;SF Bay Area;Finance;50;0.125;06-12-2022;Series C;United States;302
Chipper Cash;SF Bay Area;Finance;100;0.33;17-02-2023;Series C;United States;302
Chope;Singapore;Food;65;0.24;20-12-2022;Series E;Singapore;50
ChowNow;Los Angeles;Food;40;0.1;14-12-2022;Series C;United States;64
ChowNow;Los Angeles;Food;100;0.2;13-07-2022;Series C;United States;64
Chrono24;Karlsruhe;Retail;65;0.13;30-01-2023;Series C;Germany;205
Cisco;SF Bay Area;Infrastructure;4100;0.05;16-11-2022;Post-IPO;United States;2
Citrine Informatics;SF Bay Area;Data;22;0.27;20-01-2023;Series C;United States;64
CityMall;Gurugram;Retail;191;0.3;19-06-2022;Series C;India;112
Clarify Health;SF Bay Area;Healthcare;15;0.05;22-07-2022;Series D;United States;328
ClassPass;New York City;Fitness;154;0.22;02-04-2020;Series E;United States;549
Clear;Bengaluru;Finance;190;0.2;16-09-2022;Series C;India;140
Clear Capital;Reno;Real Estate;250;0.25;25-01-2023;Unknown;United States;NULL
Clear Capital;Reno;Real Estate;378;0.27;14-10-2022;Unknown;United States;NULL
Clearbanc;Toronto;Finance;17;0.08;13-04-2020;Series B;Canada;119
Clearco;Toronto;Fin-Tech;125;0.25;29-07-2022;Series C;Canada;681
ClearCo;Toronto;Finance;50;0.3;16-01-2023;Series C;Canada;698
CleverTap;Mumbai;Marketing;60;0.2;16-04-2020;Series C;India;76
ClickUp;San Diego;Other;60;0.07;23-05-2022;Series C;United States;537
Clinc;Ann Arbor;Support;40;0.32;09-04-2020;Series B;United States;59
Cloudinary;SF Bay Area;Media;40;0.08;14-11-2022;Unknown;United States;100
Clue;Berlin;Healthcare;31;0.31;18-01-2023;Unknown;Germany;47
Clutch;Toronto;Transportation;76;0.22;29-06-2022;Series B;Canada;153
CNET;SF Bay Area;Media;12;0.1;02-03-2023;Acquired;United States;20
Code42;Minneapolis;Data;25;0.05;09-04-2020;Series B;United States;138
Coding Dojo;Seattle;Education;7;0.07;02-04-2020;Unknown;United States;2
Cogito;Boston;Support;24;0.14;06-04-2020;Series C;United States;92
Cognyte;Tel Aviv;Security;100;0.05;02-12-2022;Unknown;Israel;NULL
Coinbase;SF Bay Area;Crypto;950;0.2;10-01-2023;Post-IPO;United States;549
Coinbase;SF Bay Area;Crypto;1100;0.18;14-06-2022;Post-IPO;United States;549
CoinJar;Melbourne;Crypto;10;0.2;29-11-2022;Unknown;Australia;1
Coinsquare;Toronto;Crypto;30;0.24;27-07-2022;Unknown;Canada;98
CommerceHub;Albany;Retail;371;0.31;14-02-2023;Acquired;United States;NULL
Community;Los Angeles;Marketing;40;0.3;21-06-2022;Unknown;United States;40
Compass;New York City;Real Estate;375;0.15;23-03-2020;Series G;United States;1600
Compass;New York City;Real Estate;450;0.1;14-06-2022;Post-IPO;United States;1600
Compete;Tel Aviv;HR;11;0.28;12-09-2022;Series A;Israel;17
Confluent;SF Bay Area;Data;221;0.08;26-01-2023;Post-IPO;United States;455
Connected;Toronto;Product;17;0.1;08-04-2020;Unknown;Canada;NULL
ConsenSys;New York City;Crypto;91;0.14;20-04-2020;Unknown;United States;10
ConsenSys;New York City;Crypto;100;0.11;10-01-2023;Series D;United States;726
Consider.co;SF Bay Area;Other;13;1;26-03-2020;Seed;United States;5
ContaAzul;Joinville;Education;140;0.35;17-04-2020;Series D;Brazil;37
ContraFect;New York City;Healthcare;16;0.37;15-08-2022;Post-IPO;United States;380
Convene;New York City;Real Estate;150;0.18;23-03-2020;Series D;United States;280
Convoy;Seattle;Logistics;90;0.07;09-06-2022;Series E;United States;1100
Coterie Insurance;Cincinnati;Finance;30;0.2;25-05-2022;Series B;United States;70
Crayon;Boston;Marketing;20;0.2;01-04-2020;Series A;United States;16
Credit Sesame;SF Bay Area;Finance;22;0.14;03-06-2020;Series F;United States;120
Crejo.Fun;Bengaluru;Education;170;1;30-06-2022;Seed;India;3
CrowdStreet;Portland;Real Estate;24;0.22;01-06-2020;Series C;United States;24
Cruise;SF Bay Area;Transportation;150;0.08;14-05-2020;Acquired;United States;5300
Crypto.com;Singapore;Crypto;260;0.05;10-06-2022;Unknown;Singapore;156
Crypto.com;Singapore;Crypto;2000;0.3;06-10-2022;Unknown;Singapore;156
CS Disco;Austin;Legal;62;0.09;19-01-2023;Post-IPO;United States;233
CTO.ai;Vancouver;Infrastructure;30;0.5;20-03-2020;Seed;Canada;7
Culture Amp;Melbourne;HR;36;0.08;28-05-2020;Series E;Australia;157
Culture Trip;London;Media;95;0.32;01-05-2020;Series B;United Kingdom;102
CureFit;Bengaluru;Fitness;800;0.16;04-05-2020;Series D;India;404
Curve;London;Finance;65;0.1;01-06-2022;Series C;United Kingdom;182
Cvent;Washington D.C.;Marketing;400;0.1;21-05-2020;Acquired;United States;146
Cybereason;Boston;Security;100;0.06;01-06-2022;Series F;United States;750
Cybereason;Boston;Security;200;0.17;26-10-2022;Series F;United States;750
CyCognito;SF Bay Area;Security;30;0.15;08-12-2022;Series C;United States;153
D2iQ;SF Bay Area;Infrastructure;34;0.13;03-04-2020;Series D;United States;247
Daily Harvest;New York City;Food;60;0.2;10-02-2022;Series D;United States;120
Daniel Wellington;Stockholm;Retail;200;0.15;09-06-2022;Unknown;Sweden;NULL
Dapper Labs;Vancouver;Crypto;134;0.22;02-11-2022;Series D;United States;607
Dark;SF Bay Area;Product;6;1;23-06-2020;Seed;United States;3
DataRails;Tel Aviv;Finance;30;0.18;05-12-2022;Series B;Israel;103
DataRobot;Boston;Data;70;0.07;11-05-2022;Series G;United States;1000
Dazn;London;Consumer;50;0.02;26-05-2022;Unknown;United Kingdom;NULL
DealShare;Bengaluru;Retail;100;0.06;27-01-2023;Series E;India;390
Definitive Healthcare;Boston;Healthcare;55;0.06;12-01-2023;Post-IPO;United States;NULL
Deliv;SF Bay Area;Retail;669;1;13-05-2020;Series C;United States;80
Deliveroo;London;Food;350;0.09;09-02-2023;Post-IPO;United Kingdom;1700
Deliveroo;London;Food;367;0.15;28-04-2020;Series G;United Kingdom;1500
Deliveroo Australia;Melbourne;Food;120;1;15-11-2022;Post-IPO;Australia;1700
Delivery Hero;Berlin;Food;156;0.04;30-01-2023;Post-IPO;Germany;9900
Dell;Austin;Hardware;6650;0.05;06-02-2023;Post-IPO;United States;NULL
Demandbase;SF Bay Area;Sales;27;0.03;07-09-2022;Series H;United States;143
Deputy;Sydney;HR;60;0.3;04-05-2020;Series B;Australia;106
Descartes Labs;Santa Fe;Data;12;0.16;02-06-2020;Series B;United States;58
DialSource;Sacramento;Marketing;5;0.14;31-03-2020;Series B;United States;26
Digital Currency Gruop;Stamford;Crypto;10;0.13;02-11-2022;Unknown;United States;NULL
DigitalOcean;New York City;Infrastructure;200;0.11;15-02-2023;Post-IPO;United States;491
Divergent 3D;Los Angeles;Transportation;57;0.36;24-04-2020;Series B;United States;88
Divvy Homes;SF Bay Area;Real Estate;40;0.12;27-09-2022;Series B;United States;180
Dock;Sao Paulo;Finance;190;0.12;07-11-2022;Private Equity;Brazil;280
Docly;London;Healthcare;8;0.8;19-08-2020;Seed;United Kingdom;16
DocuSign;SF Bay Area;Sales;671;0.09;28-09-2022;Post-IPO;United States;536
DocuSign;SF Bay Area;Sales;680;0.1;16-02-2023;Post-IPO;United States;536
Doma;SF Bay Area;Finance;250;0.13;04-08-2022;Post-IPO;United States;679
Doma;SF Bay Area;Finance;310;0.15;10-05-2022;Post-IPO;United States;679
Doma;SF Bay Area;Finance;515;0.4;06-12-2022;Post-IPO;United States;679
Domestika;SF Bay Area;Education;150;0.19;28-04-2022;Series D;United States;130
Domo;Salt Lake City;Data;90;0.1;09-04-2020;Post-IPO;United States;689
DoorDash;SF Bay Area;Food;1250;0.06;30-11-2022;Post-IPO;United States;2500
Dotscience;London;Product;10;1;19-05-2020;Unknown;United Kingdom;NULL
Dover;SF Bay Area;Recruiting;23;0.3;26-07-2022;Series A;United States;22
DraftKings;Boston;Consumer;140;0.04;01-02-2023;Post-IPO;United States;719
Dropbox;SF Bay Area;Other;315;0.15;13-01-2021;Post-IPO;United States;1700
Dutchie;Bend;Other;50;0.07;06-06-2022;Series D;United States;603
Dynamic Signal;SF Bay Area;HR;35;0.19;02-04-2020;Series E;United States;114
Earnin;SF Bay Area;Finance;50;0.2;01-04-2020;Series C;United States;190
EasyPost;SF Bay Area;Logistics;50;0.25;13-04-2020;Series A;United States;12
Eatsy;Singapore;Food;20;1;08-08-2020;Seed;Singapore;1
Ebanx;Curitiba;Finance;62;0.08;27-05-2020;Unknown;Brazil;30
Ebanx;Curitiba;Finance;340;0.2;21-06-2022;Series B;Brazil;460
eBay;SF Bay Area;Retail;500;0.04;07-02-2023;Post-IPO;United States;1200
Ecobee;Toronto;Energy;47;0.1;26-03-2020;Series C;Canada;149
Eden / Managed By Q;New York City;Real Estate;40;0.4;08-04-2020;Series B;United States;40
Edgio;Phoenix;Infrastructure;95;0.1;13-12-2022;Post-IPO;United States;462
eGym;Munich;Fitness;100;0.25;02-04-2020;Series D;Germany;109
Ejento;SF Bay Area;Recruiting;84;1;19-03-2020;Unknown;United States;NULL
Electric;New York City;Other;141;0.25;13-02-2023;Series D;United States;212
Element AI;Montreal;Other;62;0.15;04-05-2020;Series B;Canada;257
Elementor;Tel Aviv;Media;60;0.15;15-06-2022;Unknown;Israel;65
Elinvar;Berlin;Finance;43;0.33;21-10-2022;Unknown;Germany;30
Embark Trucks;SF Bay Area;Transportation;230;0.7;03-03-2023;Post-IPO;United States;317
Embroker;SF Bay Area;Finance;30;0.12;25-10-2022;Series C;United States;142
Emotive;Los Angeles;Marketing;30;0.18;07-07-2022;Series B;United States;78
EMX Digital;New York City;Marketing;100;1;13-02-2023;Unknown;United States;NULL
Enjoei;Sao Paulo;Retail;31;0.1;20-01-2023;Unknown;Brazil;14
Enjoy;SF Bay Area;Retail;400;0.18;30-06-2022;Post-IPO;United States;310
Envoy;SF Bay Area;HR;58;0.3;14-04-2020;Series B;United States;59
Equitybee;SF Bay Area;Finance;24;0.25;08-02-2023;Series B;United States;85
Equitybee;SF Bay Area;Finance;25;0.2;31-10-2022;Series B;United States;85
EquityZen;New York City;Finance;30;0.27;31-10-2022;Series B;United States;11
Ericsson;Stockholm;Other;8500;0.08;24-02-2023;Post-IPO;Sweden;663
Ermetic;SF Bay Area;Security;30;0.17;23-01-2023;Series B;United States;97
Ethos Life;SF Bay Area;Finance;18;0.14;05-06-2020;Series C;United States;106
Ethos Life;SF Bay Area;Finance;40;0.12;24-06-2022;Series D;United States;406
eToro;Tel Aviv;Finance;100;0.06;05-07-2022;Unknown;Israel;322
Eucalyptus;Sydney;Healthcare;50;0.2;22-07-2022;Series C;United States;69
Eventbrite;SF Bay Area;Consumer;80;0.08;28-02-2023;Post-IPO;United States;557
Eventbrite;SF Bay Area;Consumer;500;0.45;08-04-2020;Post-IPO;United States;332
Everlane;SF Bay Area;Retail;30;0.17;05-01-2023;Unknown;United States;176
Exodus;Nebraska City;Crypto;59;0.22;04-11-2022;Unknown;United States;60
Exotel;Bengaluru;Support;142;0.15;17-01-2023;Series D;India;87
Exterro;Portland;Legal;24;0.03;01-02-2023;Private Equity;United States;100
ezCater;Boston;Food;400;0.44;07-04-2020;Series D;United States;319
F5;Seattle;Security;100;0.01;21-10-2022;Post-IPO;United States;NULL
FabHotels;New Delhi;Travel;80;0.2;30-03-2020;Series B;India;48
Fabric;New York City;Logistics;120;0.4;13-07-2022;Series C;United States;336
Facily;Sao Paulo;Retail;260;0.3;20-04-2022;Series D;Brazil;502
Faire;SF Bay Area;Retail;84;0.07;18-10-2022;Series G;United States;1700
FarEye;New Delhi;Logistics;250;0.3;10-06-2022;Series E;India;150
Fate Therapeutics;San Diego;Healthcare;315;0.57;09-01-2023;Post-IPO;United States;1200
Fifth Season;Pittsburgh;Food;100;1;28-10-2022;Series B;United States;35
Finite State;Columbus;Security;16;0.2;17-06-2022;Series B;United States;49
Finleap Connect;Hamburg;Finance;14;0.1;30-06-2022;Series A;Germany;22
Fireblocks;New York City;Crypto;30;0.05;20-02-2023;Series E;United States;1000
Fittr;Pune;Fitness;30;0.11;02-03-2023;Series A;India;13
Fiverr;Tel Aviv;Other;60;0.08;26-07-2022;Post-IPO;Israel;111
Flexport;SF Bay Area;Logistics;640;0.2;11-01-2023;Series E;United States;2400
Flipboard;SF Bay Area;Media;24;0.21;16-10-2022;Unknown;United States;235
Flockjay;SF Bay Area;Education;37;0.5;24-08-2021;Series A;United States;14
Fluke;Sao Paulo;Other;83;0.82;17-08-2022;Seed;Brazil;NULL
Flyhomes;Seattle;Real Estate;200;0.2;20-07-2022;Series C;United States;310
Flyhomes;Seattle;Real Estate;300;0.4;09-11-2022;Series C;United States;310
Flymya;Yangon;Travel;200;0.33;01-04-2020;Unknown;Myanmar;NULL
Flytedesk;Boulder;Marketing;4;0.2;18-03-2020;Seed;United States;4
Flywheel Sports;New York City;Fitness;784;0.98;20-03-2020;Acquired;United States;120
Flywire;Boston;Finance;60;0.12;07-05-2020;Series E;United States;263
Food52;New York City;Food;20;0.1;08-04-2022;Acquired;United States;176
Food52;New York City;Food;21;0.15;03-06-2022;Acquired;United States;176
Foodsby;Minneapolis;Food;87;0.67;24-03-2020;Series B;United States;20
ForeScout;SF Bay Area;Security;100;0.1;10-01-2023;Post-IPO;United States;125
Forma.ai;Toronto;Sales;15;0.09;20-07-2022;Series B;Canada;58
Forto;Berlin;Logistics;60;0.08;11-11-2022;Series D;United States;593
Forward;SF Bay Area;Healthcare;10;0.03;20-04-2020;Series C;United States;100
FourKites;Chicago;Logistics;60;0.08;11-08-2022;Series D;United States;201
Foxtrot;Chicago;Food;26;0.035;23-09-2022;Series C;United States;166
Freetrade;London;Finance;45;0.15;10-06-2022;Unknown;United Kingdom;133
Freshbooks;Toronto;Finance;38;0.09;21-04-2020;Series B;Canada;75
Freshworks;SF Bay Area;Support;90;0.02;15-12-2022;Post-IPO;United States;484
Frontdesk;Milwaukee;Travel;35;0.16;10-04-2020;Unknown;United States;3
FrontRow;Bengaluru;Education;130;0.75;12-10-2022;Series A;India;17
FrontRow;Bengaluru;Education;145;0.3;27-05-2022;Series A;India;17
Fundbox;SF Bay Area;Finance;14;0.15;02-06-2020;Series C;United States;453
Fundbox;SF Bay Area;Finance;150;0.42;25-10-2022;Series D;United States;553
Funding Societies;Singapore;Finance;65;0.18;16-04-2020;Series B;Singapore;42
G/O Media Group;New York City;Media;14;0.05;03-04-2020;Unknown;United States;NULL
G2;Chicago;Marketing;17;0.05;30-06-2020;Series C;United States;101
Gather;SF Bay Area;Consumer;30;0.33;02-06-2022;Series B;United States;76
Geekwire;Seattle;Media;5;0.31;10-04-2020;Unknown;United States;NULL
Gem;SF Bay Area;Recruiting;100;0.33;01-11-2022;Series C;United States;148
Gemini;New York City;Crypto;100;0.1;02-06-2022;Unknown;United States;423
Gemini;New York City;Crypto;68;0.07;18-07-2022;Unknown;United States;423
Genesis;New York City;Crypto;52;0.2;17-08-2022;Series A;United States;NULL
Genesis;New York City;Crypto;60;0.3;05-01-2023;Series A;United States;NULL
Getaround;SF Bay Area;Transportation;100;0.25;27-03-2020;Series D;United States;403
GetNinjas;Sao Paulo;Consumer;11;0.1;08-04-2020;Series B;Brazil;16
GetYourGuide;Berlin;Travel;90;0.17;14-10-2020;Series E;Germany;656
GitLab;SF Bay Area;Product;130;0.07;09-02-2023;Post-IPO;United States;413
Gitpod;Kiel;Product;21;0.28;24-01-2023;Series A;Germany;41
Glassdoor;SF Bay Area;Recruiting;300;0.3;07-05-2020;Acquired;United States;204
Glints;Singapore;HR;198;0.18;08-12-2022;Series D;Singapore;82
Glitch;New York City;Product;18;0.36;21-05-2020;Series A;United States;30
Glossier;New York City;Consumer;80;0.33;26-01-2022;Series E;United States;266
Glossier;New York City;Retail;19;0.08;02-08-2022;Series E;United States;266
Glossier;New York City;Retail;150;0.38;07-08-2020;Series D;United States;186
Glovo;Barcelona;Food;250;0.06;30-01-2023;Acquired;Spain;1200
GoBear;Singapore;Finance;22;0.11;01-09-2020;Unknown;Singapore;97
GoBolt;Toronto;Logistics;55;0.05;10-01-2023;Series C;Canada;178
GoDaddy;Austin;Marketing;451;0.06;24-06-2020;Post-IPO;United States;NULL
GoDaddy;Phoenix;Marketing;530;0.08;08-02-2023;Post-IPO;United States;800
GoFundMe;SF Bay Area;Finance;94;0.12;26-10-2022;Series A;United States;NULL
GoHealth;Chicago;Healthcare;800;0.2;09-08-2022;Post-IPO;United States;75
Gojek;Jakarta;Transportation;430;0.09;23-06-2020;Series F;Indonesia;4800
Gong;SF Bay Area;Sales;80;0.07;08-02-2023;Series E;United States;583
GoodRx;Los Angeles;Healthcare;140;0.16;31-08-2022;Post-IPO;United States;910
Google;SF Bay Area;Consumer;12000;0.06;20-01-2023;Post-IPO;United States;26
GoPro;SF Bay Area;Consumer;200;0.2;15-04-2020;Post-IPO;United States;288
Gopuff;Philadelphia;Food;450;0.03;29-03-2022;Series H;United States;3400
Gopuff;Philadelphia;Food;1500;0.1;12-07-2022;Series H;United States;3400
Gorillas;Berlin;Food;300;0.5;24-05-2022;Series C;Germany;1300
GoSpotCheck;Denver;Retail;23;0.2;26-03-2020;Series B;United States;47
GoTo Group;Jakarta;Transportation;1300;0.12;10-11-2022;Post-IPO;Indonesia;1300
Grab;Singapore;Transportation;360;0.05;16-06-2020;Series I;Singapore;9900
GrayMeta;Los Angeles;Data;20;0.4;23-03-2020;Unknown;United States;7
Greenhouse Software;New York City;Recruiting;120;0.28;17-04-2020;Series D;United States;110
Greenlight;Atlanta;Finance;104;0.21;12-01-2023;Series D;United States;556
Grin;Sacramento;Marketing;60;0.13;30-11-2022;Series B;United States;145
Group Nine Media;New York City;Media;50;0.07;07-04-2020;Unknown;United States;190
Groupon;Chicago;Retail;500;0.15;08-08-2022;Post-IPO;United States;1400
Groupon;Chicago;Retail;2800;0.44;13-04-2020;Post-IPO;United States;1400
Grover;Berlin;Retail;40;0.1;07-12-2022;Unknown;United States;2300
Guardant Health;SF Bay Area;Healthcare;130;0.07;25-01-2023;Post-IPO;United States;550
GumGum;Los Angeles;Marketing;90;0.25;20-04-2020;Series D;United States;58
Gusto;SF Bay Area;HR;126;0.05;08-02-2023;Series E;United States;746
Gympass;Sao Paulo;Fitness;467;0.33;03-04-2020;Series D;Brazil;300
Happy Money;Los Angeles;Finance;158;0.34;30-11-2022;Series D;United States;191
Harappa;New Delhi;Education;60;0.3;03-01-2023;Acquired;India;NULL
Hash;Sao Paulo;Finance;58;0.5;01-08-2022;Series C;Brazil;58
Headspace;Los Angeles;Healthcare;50;0.04;14-12-2022;Unknown;United States;215
HealthMatch;Sydney;Healthcare;18;0.5;28-06-2022;Series B;Australia;20
Help.com;Austin;Support;16;1;16-03-2020;Seed;United States;6
Her Campus Media;Boston;Media;10;0.18;10-06-2020;Unknown;United States;NULL
Heroes;London;Retail;24;0.2;15-07-2022;Unknown;United States;265
Hibob;Tel Aviv;HR;70;0.3;30-03-2020;Series A;Israel;45
Highsnobiety;Berlin;Media;51;0.25;01-04-2020;Series A;Germany;9
Highspot;Seattle;Sales;100;0.1;02-02-2023;Series F;United States;644
Hippo Insurance;SF Bay Area;Finance;70;0.1;31-08-2022;Post-IPO;United States;1300
Hirect;Bengaluru;Recruiting;200;0.4;28-11-2022;Series A;India;NULL
Hireology;Chicago;Recruiting;36;0.17;12-05-2020;Series D;United States;52
Hodlnaut;Singapore;Crypto;40;0.8;19-08-2022;Unknown;Singapore;NULL
Hologram;Chicago;Infrastructure;80;0.4;09-06-2022;Series B;United States;82
Homebot;Denver;Real Estate;18;0.13;19-12-2022;Acquired;United States;4
Homie;Salt Lake City;Real Estate;40;0.13;04-10-2022;Series B;United States;35
Homie;Salt Lake City;Real Estate;119;0.29;14-02-2022;Series B;United States;35
HOOQ;Singapore;Consumer;250;1;27-03-2020;Unknown;Singapore;95
Hootsuite;Vancouver;Marketing;50;0.05;01-11-2022;Series C;Canada;300
Hootsuite;Vancouver;Marketing;70;0.07;18-01-2023;Series C;Canada;300
Hootsuite;Vancouver;Marketing;400;0.3;09-08-2022;Series C;Canada;300
Hopin;London;Other;138;0.12;10-02-2022;Series D;United States;1000
Hopin;London;Other;242;0.29;11-07-2022;Series D;United Kingdom;1000
HopSkipDrive;Los Angeles;Transportation;8;0.1;13-03-2020;Unknown;United States;45
Horizn Studios;Berlin;Travel;15;0.25;24-04-2020;Series B;Germany;30
Hotmart;Belo Horizonte;Marketing;227;0.12;20-10-2022;Series C;Brazil;127
Houzz;SF Bay Area;Consumer;95;0.08;07-12-2022;Series E;United States;613
Houzz;SF Bay Area;Consumer;155;0.1;21-04-2020;Series E;United States;613
Hubba;Toronto;Retail;45;1;01-02-2021;Series B;Canada;61
Hubilo;SF Bay Area;Marketing;45;0.12;12-07-2022;Series B;United States;153
Hubilo;SF Bay Area;Other;115;0.35;19-01-2023;Series B;United States;153
HubSpot;Boston;Marketing;500;0.07;31-01-2023;Post-IPO;United States;100
Huobi;Beijing;Crypto;275;0.2;06-01-2023;Unknown;China;2
Huobi;Beijing;Crypto;300;0.3;28-06-2022;Unknown;China;2
Hyperscience;New York City;Data;100;0.25;03-03-2022;Series E;United States;289
IBM;New York City;Hardware;3900;0.02;25-01-2023;Post-IPO;United States;NULL
Ibotta;Denver;Retail;87;0.15;07-04-2020;Series D;United States;85
iFit;Logan;Fitness;300;0.2;14-11-2022;Private Equity;United States;200
Iflix;Kuala Lumpur;Consumer;50;0.12;04-04-2020;Unknown;Malaysia;348
iFood;Sao Paulo;Food;355;0.06;01-03-2023;Subsidiary;Brazil;2100
Ike;SF Bay Area;Transportation;10;0.14;22-04-2020;Series A;United States;52
Illumina;San Diego;Healthcare;500;0.05;14-11-2022;Post-IPO;United States;28
Immersive Labs;Bristol;Security;38;0.1;30-08-2022;Series C;United Kingdom;123
Immutable;Sydney;Crypto;20;0.06;26-07-2022;Series C;Australia;279
Impala;London;Travel;30;0.35;01-06-2022;Series B;United Kingdom;32
Impossible Foods;SF Bay Area;Food;50;0.06;06-10-2022;Series H;United States;1900
Impossible Foods copy;SF Bay Area;Food;140;0.2;30-01-2023;Series H;United States;1900
Incredible Health;SF Bay Area;Healthcare;9;0.4;01-04-2020;Series A;United States;15
InDebted;Sydney;Finance;40;0.17;26-07-2022;Series B;Australia;41
Industrious;New York City;Real Estate;90;0.2;02-04-2020;Series D;United States;222
Infarm;Berlin;Other;50;0.05;14-09-2022;Series D;Germany;604
Infarm;Berlin;Other;500;0.5;28-11-2022;Series D;Germany;604
InfluxData;SF Bay Area;Data;65;0.27;10-11-2022;Series D;United States;119
Informatica;SF Bay Area;Data;450;0.07;10-01-2023;Post-IPO;United States;NULL
InfoSum;London;Security;20;0.12;19-10-2022;Series B;United Kingdom;88
Innovaccer;SF Bay Area;Healthcare;90;0.08;01-09-2022;Series E;United States;379
Innovaccer;SF Bay Area;Healthcare;245;0.15;24-01-2023;Series E;United States;379
Innovid;New York City;Marketing;40;0.1;23-01-2023;Post-IPO;United States;295
Inspirato;Denver;Travel;109;0.12;18-01-2023;Post-IPO;United States;179
Inspirato;Denver;Travel;130;0.22;16-03-2020;Series C;United States;79
Instamojo;Bengaluru;Finance;6;0.06;02-04-2020;Unknown;India;8
Instructure;Salt Lake City;Education;150;0.12;27-05-2020;Acquired;United States;89
Intapp;SF Bay Area;Legal;45;0.05;18-05-2020;Private Equity;United States;NULL
Integral Ad Science;New York City;Marketing;70;0.1;14-05-2020;Acquired;United States;116
Integral Ad Science;New York City;Marketing;120;0.13;07-12-2022;Acquired;United States;116
Intercom;SF Bay Area;Support;39;0.06;20-05-2020;Series D;United States;240
Intercom;SF Bay Area;Support;49;0.05;07-09-2022;Series D;United States;240
Intercom;SF Bay Area;Support;124;0.13;14-11-2022;Series D;United States;240
Intersect;Toronto;Product;19;0.11;13-05-2020;Acquired;Canada;NULL
Intrinsic;SF Bay Area;Other;40;0.2;11-01-2023;Acquired;United States;NULL
Introhive;Ferdericton;Sales;57;0.16;20-07-2022;Series C;Canada;125
Intuit;SF Bay Area;Finance;715;0.07;22-06-2020;Post-IPO;United States;18
Involves;FlorianÃ³polis;Retail;70;0.18;13-07-2022;Unknown;Brazil;23
iPrice Group;Kuala Lumpur;Retail;50;0.2;08-06-2022;Unknown;Malaysia;26
Iris Nova;New York City;Food;9;0.5;30-03-2020;Seed;United States;15
IRL;SF Bay Area;Consumer;25;0.25;02-06-2022;Series C;United States;197
iRobot;Boston;Consumer;85;0.07;13-02-2023;Acquired;United States;30
iRobot;Boston;Consumer;140;0.1;05-08-2022;Acquired;United States;30
Iron Ox;SF Bay Area;Food;50;0.5;02-11-2022;Series C;United States;103
IronNet;Washington D.C.;Security;55;0.17;22-06-2022;Post-IPO;United States;410
IronNet;Washington D.C.;Security;90;0.35;22-06-2022;Post-IPO;United States;410
Jam City;Los Angeles;Consumer;200;0.17;04-08-2022;Unknown;United States;652
Jama;Portland;Product;12;0.05;25-03-2020;Unknown;United States;233
JD.ID;Jakarta;Retail;200;0.3;14-12-2022;Post-IPO;Indonesia;5100
JetClosing;Seattle;Real Estate;20;0.2;27-04-2020;Series A;United States;24
Jetty;New York City;Finance;35;0.4;03-04-2020;Series B;United States;40
Jimdo;Hamburg;Other;50;0.16;15-11-2022;Unknown;Germany;28
Jiobit;Chicago;Consumer;6;0.21;24-04-2020;Unknown;United States;12
Jobcase;Boston;Recruiting;39;0.2;02-04-2020;Private Equity;United States;118
JOKR;New York City;Food;50;0.05;16-06-2022;Series B;United States;430
Jumia;Lagos;Retail;900;0.2;21-11-2022;Post-IPO;Nigeria;1200
Jumio;SF Bay Area;Security;100;0.06;11-01-2023;Private Equity;United States;205
Jump;New York City;Transportation;500;1;07-05-2020;Acquired;United States;11
Jumpcloud;Boulder;Security;100;0.12;18-01-2023;Series F;United States;416
Juni;Gothenburg;Finance;72;0.33;17-11-2022;Unknown;Sweden;281
Juul;SF Bay Area;Consumer;400;0.3;10-11-2022;Unknown;United States;1500
Juul;SF Bay Area;Consumer;900;0.3;05-05-2020;Unknown;United States;1500
Kabam;SF Bay Area;Consumer;35;0.07;09-11-2022;Acquired;United States;244
Kaltura;New York City;Media;75;0.11;04-01-2023;Post-IPO;United States;166
Katerra;SF Bay Area;Construction;240;0.03;02-04-2020;Series D;United States;1200
Katerra;SF Bay Area;Construction;400;0.07;29-06-2020;Series E;United States;1300
Katerra;SF Bay Area;Construction;2434;1;01-06-2021;Unknown;United States;1600
Kayak / OpenTable;Stamford;Travel;160;0.08;29-04-2020;Acquired;United States;229
KeepTruckin;SF Bay Area;Logistics;349;0.18;31-03-2020;Series D;United States;227
Kenoby;Sao Paulo;Recruiting;18;0.16;08-04-2020;Unknown;Brazil;23
Khoros;Austin;Sales;120;0.1;21-10-2022;Private Equity;United States;138
Kiavi;SF Bay Area;Real Estate;39;0.07;14-07-2022;Series E;United States;240
Kickstarter;New York City;Finance;25;0.18;13-05-2020;Unknown;United States;10
Kinde;Sydney;Other;8;0.28;20-02-2023;Seed;Australia;10
Kitopi;Dubai;Food;93;0.1;21-11-2022;Series C;United States;804
Kitty Hawk;SF Bay Area;Aerospace;100;1;21-09-2022;Unknown;United States;1
Klarna;Stockholm;Finance;700;0.1;23-05-2022;Unknown;Sweden;3700
Klook;Hong Kong;Travel;300;0.15;20-04-2020;Series D;Hong Kong;521
Knock;New York City;Real Estate;115;0.46;15-03-2022;Unknown;United States;654
Knotel;New York City;Real Estate;20;0.08;29-10-2020;Series C;United States;560
Knotel;New York City;Real Estate;127;0.3;27-03-2020;Series C;United States;560
Kodiak Robotics;SF Bay Area;Transportation;15;0.2;15-04-2020;Series A;United States;40
Koho;Toronto;Finance;15;0.04;17-11-2022;Series D;Canada;278
Koinly;London;Crypto;16;0.14;06-12-2022;Unknown;United Kingdom;NULL
KoinWorks;Jakarta;Finance;70;0.08;04-11-2022;Unknown;Indonesia;180
Komodo Health;SF Bay Area;Healthcare;23;0.09;20-04-2020;Series C;United States;50
Komodo Health;SF Bay Area;Healthcare;78;0.09;13-12-2022;Series E;United States;514
Kontist;Berlin;Finance;50;0.25;25-05-2022;Series B;Germany;53
Kraken;SF Bay Area;Crypto;1100;0.3;30-11-2022;Unknown;United States;134
Kry;Stockholm;Healthcare;100;0.1;17-05-2022;Series D;Sweden;568
Kry;Stockholm;Healthcare;300;0.1;31-10-2022;Series D;Sweden;568
Kuda;Lagos;Finance;23;0.05;02-09-2022;Series B;Nigeria;91
Kueski;Guadalajara;Finance;90;0.3;20-04-2020;Series B;Mexico;38
Lacework;SF Bay Area;Security;300;0.2;25-05-2022;Series D;United States;1900
Ladder Life;SF Bay Area;Finance;13;0.25;23-03-2020;Series C;United States;94
Lam Research;SF Bay Area;Hardware;1300;0.07;25-01-2023;Post-IPO;United States;NULL
Lastline;SF Bay Area;Security;50;0.4;04-06-2020;Series C;United States;52
Latch;New York City;Security;30;0.06;10-05-2022;Post-IPO;United States;342
Latch;New York City;Security;115;0.37;02-08-2022;Post-IPO;United States;342
Latch;New York City;Security;130;0.28;20-05-2022;Post-IPO;United States;342
Lattice;SF Bay Area;HR;16;0.1;15-05-2020;Series C;United States;49
Lawgeex;Tel Aviv;Legal;30;0.33;06-09-2022;Series C;Israel;41
LEAD;Mumbai;Education;80;0.04;04-08-2022;Series E;India;166
LeafLink;New York City;Other;80;0.31;15-12-2022;Series C;United States;379
Leafly;Seattle;Retail;56;0.21;18-10-2022;Post-IPO;United States;71
Leafly;Seattle;Retail;91;0.5;23-03-2020;Acquired;United States;2
LearnUpon;Dublin;Education;27;0.09;07-02-2023;Private Equity;Ireland;56
Legible;Vancouver;Media;23;0.38;04-04-2022;Post-IPO;Canada;3
Lemon;Buenos Aires;Crypto;100;0.38;24-11-2022;Series A;Argentina;17
Lending Club;SF Bay Area;Finance;225;0.14;12-01-2023;Post-IPO;United States;392
Lending Club;SF Bay Area;Finance;460;0.3;21-04-2020;Post-IPO;United States;392
Lendingkart;Ahmedabad;Finance;500;0.5;15-05-2020;Unknown;India;200
Lendis;Berlin;Other;18;0.15;04-07-2022;Series A;Germany;90
Lev;New York City;Real Estate;30;0.3;07-12-2022;Series B;United States;114
Lever;SF Bay Area;Recruiting;86;0.4;08-04-2020;Series C;United States;72
Liftoff;SF Bay Area;Marketing;130;0.15;09-11-2022;Acquired;United States;6
Lighter Capital;Seattle;Finance;18;0.22;24-04-2020;Series B;United States;15
Lighter Capital;Seattle;Finance;22;0.49;20-07-2020;Series B;United States;15
Lighthouse Labs;Toronto;Education;14;0.07;09-04-2020;Unknown;Canada;NULL
Lightico;Tel Aviv;Finance;20;0.25;05-02-2023;Series B;Israel;42
Lightricks;Jerusalem;Consumer;80;0.12;04-07-2022;Series D;Israel;335
Lightspeed Commerce;Montreal;Retail;300;0.1;17-01-2023;Post-IPO;Canada;1200
Lime;SF Bay Area;Transportation;80;0.13;29-04-2020;Series D;United States;765
Limelight;New York City;Recruiting;13;1;04-02-2021;Unknown;United States;NULL
LinkedIn;SF Bay Area;Recruiting;960;0.06;21-07-2020;Acquired;United States;154
Linkfire;Copenhagen;Marketing;35;0.35;11-10-2022;Seed;Denmark;2
Linktree;Melbourne;Consumer;50;0.17;09-08-2022;Unknown;Australia;165
Lithic;New York City;Finance;27;0.18;07-12-2022;Series C;United States;115
Liv Up;Sao Paulo;Food;100;0.15;16-02-2022;Series D;Brazil;118
LivePerson;New York City;Support;193;0.11;15-09-2022;Post-IPO;United States;42
Livspace;Bengaluru;Retail;450;0.15;19-05-2020;Series D;India;157
Loft;Sao Paulo;Real Estate;47;0.1;17-04-2020;Series C;Brazil;263
Loft;Sao Paulo;Real Estate;312;0.12;07-12-2022;Unknown;Brazil;788
Loft;Sao Paulo;Real Estate;340;0.15;03-03-2023;Unknown;Brazil;788
Loft;Sao Paulo;Real Estate;384;0.12;05-07-2022;Unknown;Brazil;788
Loftium;Seattle;Real Estate;32;0.6;29-05-2020;Series A;United States;17
Loftsmart;New York City;Real Estate;25;0.75;30-03-2020;Series A;United States;18
Loggi;Sao Paulo;Logistics;300;0.07;06-02-2023;Series F;Brazil;507
Loggi;Sao Paulo;Logistics;500;0.15;08-08-2022;Series F;Brazil;507
Loja Integrada;Sao Paulo;Retail;25;0.1;25-08-2022;Acquired;Brazil;NULL
Lokalise;Dover;Other;76;0.23;16-11-2022;Series B;United States;56
Loom;SF Bay Area;Product;23;0.11;20-10-2022;Series C;United States;203
Loom;SF Bay Area;Product;34;0.14;01-06-2022;Series C;United States;203
Loop;Washington D.C.;Finance;15;0.2;24-08-2022;Series A;United States;24
Loopio;Toronto;Sales;11;0.08;04-05-2020;Series A;Canada;11
LoopMe;London;Marketing;8;0.04;09-04-2020;Unknown;United Kingdom;32
Lunchbox;New York City;Food;60;0.33;21-07-2022;Series B;United States;72
Luno;London;Crypto;330;0.35;25-01-2023;Acquired;United Kingdom;13
Lusha;New York City;Marketing;30;0.1;18-07-2022;Series B;United States;245
Lyft;SF Bay Area;Transportation;60;0.02;20-07-2022;Post-IPO;United States;4900
Lyft;SF Bay Area;Transportation;700;0.13;03-11-2022;Post-IPO;United States;4900
Lyft;SF Bay Area;Transportation;982;0.17;29-04-2020;Post-IPO;United States;4900
Lyst;London;Retail;50;0.25;29-11-2022;Unknown;United Kingdom;144
MadeiraMadeira;Curitiba;Retail;60;0.03;09-08-2022;Series E;Brazil;338
Magic Leap;Miami;Consumer;1000;0.5;22-04-2020;Series E;United States;2600
Mainstreet;SF Bay Area;Finance;45;0.3;04-05-2022;Series A;United States;64
MakeMyTrip;Gurugram;Travel;350;0.1;01-06-2020;Post-IPO;India;548
MakeMyTrip;New Delhi;Travel;350;0.1;31-08-2020;Post-IPO;India;548
Malwarebytes;SF Bay Area;Security;125;0.14;17-08-2022;Series B;United States;80
Marketforce;Nairobi;Retail;54;0.09;11-08-2022;Series A;Kenya;42
MasterClass;SF Bay Area;Education;120;0.2;22-06-2022;Series E;United States;461
Matrixport;Singapore;Crypto;29;0.1;27-01-2023;Series C;Singapore;100
Matterport;SF Bay Area;Data;90;0.34;09-04-2020;Series D;United States;114
Maven;Seattle;Media;31;0.09;30-03-2020;Post-IPO;United States;77
MaxMilhas;Belo Horizonte;Travel;167;0.42;03-04-2020;Unknown;Brazil;NULL
Me Poupe;Sao Paulo;Finance;60;0.5;28-01-2023;Unknown;Brazil;NULL
MediaMath;New York City;Marketing;53;0.08;07-04-2020;Private Equity;United States;607
Meero;Paris;Other;350;0.5;09-05-2022;Series C;France;293
Meesho;Bengaluru;Retail;200;0.28;08-04-2020;Series D;India;215
Mejuri;Toronto;Retail;36;0.15;09-04-2020;Series B;Canada;28
Mejuri;Toronto;Retail;50;0.1;05-08-2022;Series B;Canada;28
Merative;Ann Arbor;Healthcare;200;0.1;23-02-2023;Acquired;United States;NULL
Mercos;Joinville;Sales;51;0.4;13-05-2020;Unknown;Brazil;2
Meta;SF Bay Area;Consumer;11000;0.13;09-11-2022;Post-IPO;United States;26000
Metigy;Sydney;Marketing;75;1;31-07-2022;Series B;Australia;18
Metromile;SF Bay Area;Finance;60;0.2;28-07-2022;Acquired;United States;510
Metromile;SF Bay Area;Finance;100;0.33;06-04-2020;Series E;United States;293
MFine;Bengaluru;Healthcare;600;0.75;21-05-2022;Series C;India;97
Microsoft;Seattle;Other;10000;0.05;18-01-2023;Post-IPO;United States;1
MindBody;San Luis Obispo;Fitness;400;0.15;26-10-2022;Post-IPO;United States;114
MindBody;San Luis Obispo;Fitness;700;0.35;02-04-2020;Post-IPO;United States;114
Minted;SF Bay Area;Retail;147;0.37;03-04-2020;Series E;United States;297
Minute Media;London;Media;50;0.1;08-01-2023;Series I;United Kingdom;160
Miro;SF Bay Area;Other;119;0.07;02-02-2023;Series C;United States;476
Misfits Market;Philadelphia;Food;649;0.33;09-02-2023;Series C;United States;526
Mixpanel;SF Bay Area;Data;65;0.19;12-05-2020;Series B;United States;77
Mobile Premier League;Bengaluru;Consumer;100;0.1;30-05-2022;Series E;India;375
Moglix;Singapore;Retail;40;0.02;05-01-2023;Series F;Singapore;472
Mogo;Vancouver;Finance;78;0.3;27-03-2020;Post-IPO;Canada;201
Moladin;Jakarta;Transportation;360;0.11;12-02-2023;Series B;Indonesia;138
Momentive;SF Bay Area;Marketing;180;0.11;10-10-2022;Post-IPO;United States;1100
Monzo;London;Finance;120;0.08;03-06-2020;Series F;United Kingdom;324
Moovel;Portland;Transportation;28;0.37;01-04-2020;Unknown;United States;NULL
Moss;Berlin;Fin-Tech;70;0.15;23-09-2022;Series B;Germany;150
Motive;SF Bay Area;Transportation;237;0.06;07-12-2022;Series F;United States;567
Movidesk;Blumenau;Support;33;0.25;20-04-2020;Seed;Brazil;1
Mozilla;SF Bay Area;Consumer;250;0.25;11-08-2020;Unknown;United States;2
Mural;SF Bay Area;Product;90;0.1;05-05-2022;Series C;United States;192
Mux;SF Bay Area;Infrastructure;40;0.2;29-09-2022;Series D;United States;173
MyGate;Bengaluru;Other;200;0.3;20-02-2023;Series B;India;79
N26;New York City;Finance;9;0.01;08-05-2020;Series D;United States;782
Namely;New York City;HR;110;0.4;01-05-2020;Series E;United States;217
Namogoo;Tel Aviv;Marketing;20;0.15;23-01-2023;Series C;United States;69
Namogoo;Tel Aviv;Marketing;25;0.15;09-11-2022;Series C;United States;69
Nate;New York City;Retail;30;0.2;30-06-2022;Series A;United States;47
Navi;Bengaluru;Finance;40;0.25;17-06-2020;Private Equity;India;582
NCC Group;Manchester;Security;125;0.07;02-02-2023;Post-IPO;United Kingdom;NULL
nCino;Wilmington;Finance;100;0.07;18-01-2023;Post-IPO;United States;1100
Neon;Sao Paulo;Finance;70;0.1;13-04-2020;Series B;Brazil;120
Neon;Sao Paulo;Finance;210;0.09;15-02-2023;Series D;Brazil;720
NetApp;SF Bay Area;Data;960;0.08;31-01-2023;Post-IPO;United States;NULL
Netflix;SF Bay Area;Media;150;0.01;17-05-2022;Post-IPO;United States;121900
Netflix;SF Bay Area;Media;300;0.03;23-06-2022;Post-IPO;United States;121900
Netlify;SF Bay Area;Product;48;0.16;01-12-2022;Series D;United States;212
New Relic;SF Bay Area;Infrastructure;110;0.05;18-08-2022;Post-IPO;United States;214
New Relic;SF Bay Area;Infrastructure;160;0.07;06-04-2021;Post-IPO;United States;215
Next Insurance;SF Bay Area;Finance;150;0.17;07-07-2022;Series E;United States;881
Niantic;SF Bay Area;Consumer;85;0.08;29-06-2022;Series D;United States;770
Nomad Health;New York City;Healthcare;119;0.17;09-02-2023;Unknown;United States;218
Noom;New York City;Healthcare;500;0.1;11-10-2022;Series F;United States;657
Notarize;Boston;Legal;110;0.25;15-06-2022;Series D;United States;213
NS8;Las Vegas;Data;240;0.95;11-09-2020;Series A;United States;158
NSO;Tel Aviv;Security;100;0.14;21-08-2022;Seed;Israel;1
Numbrs;Zurich;Finance;62;0.5;07-05-2020;Series B;Switzerland;78
NuoDB;Boston;Data;20;0.29;10-04-2020;Unknown;United States;85
Nuri;Berlin;Finance;45;0.2;25-05-2022;Series B;Germany;42
Nuro;SF Bay Area;Transportation;300;0.2;18-11-2022;Series D;United States;2100
Nutanix;SF Bay Area;Infrastructure;270;0.04;09-08-2022;Post-IPO;United States;1100
NYDIG;New York City;Crypto;110;0.33;22-09-2022;Private Equity;United States;1400
Nylas;SF Bay Area;Product;80;0.25;02-08-2022;Series C;United States;175
O'Reilly Media;SF Bay Area;Media;75;0.15;25-03-2020;Unknown;United States;NULL
Ocavu;Lehi;Crypto;20;0.48;10-11-2022;Series A;United States;11
Oda;Oslo;Food;70;0.06;01-11-2022;Unknown;Norway;479
Oda;Oslo;Food;70;0.18;01-11-2022;Unknown;Norway;477
Oda;Oslo;Food;70;0.18;01-11-2022;Unknown;Sweden;377
Okta;SF Bay Area;Security;300;0.05;02-02-2023;Post-IPO;United States;1200
Ola;Bengaluru;Transportation;1400;0.35;20-05-2020;Series J;India;3800
Olive;Columbus;Healthcare;450;0.31;19-07-2022;Series H;United States;856
Olive AI;Columbus;Healthcare;215;0.35;09-02-2023;Series H;United States;856
OLX Group;Amsterdam;Marketing;1500;0.15;30-01-2023;Acquired;Netherlands;NULL
Omie;Sao Paulo;Finance;136;0.31;09-04-2020;Series B;Brazil;26
On Deck;SF Bay Area;Education;72;0.25;05-05-2022;Series A;United States;20
On Deck;SF Bay Area;Education;73;0.33;04-08-2022;Series A;United States;20
OneFootball;Berlin;Marketing;62;0.115;09-12-2022;Series D;Germany;442
OneFootball;Berlin;Marketing;150;0.32;23-02-2023;Series D;Germany;442
OneTrust;Atlanta;Legal;150;0.1;09-04-2020;Series B;United States;410
OneTrust;Atlanta;Security;950;0.25;09-06-2022;Series C;United States;926
OneWeb;London;Aerospace;451;0.85;27-03-2020;Unknown;United Kingdom;3000
Opencare;Toronto;Healthcare;18;0.25;03-04-2020;Series A;Canada;24
Opendoor;SF Bay Area;Real Estate;550;0.18;02-11-2022;Post-IPO;United States;1900
Opendoor;SF Bay Area;Real Estate;600;0.35;15-04-2020;Series E;United States;1500
Openpay;Melbourne;Finance;83;1;07-02-2023;Post-IPO;Australia;299
OpenWeb;Tel Aviv;Media;14;0.05;15-06-2022;Series E;Israel;223
OpenX;Los Angeles;Marketing;35;0.15;28-04-2020;Unknown;United States;70
Oportun;SF Bay Area;Finance;155;0.1;09-02-2023;Post-IPO;United States;566
Optimizely;SF Bay Area;Marketing;60;0.15;15-07-2020;Series D;United States;251
OrCam;Jerusalem;Healthcare;62;0.16;23-10-2022;Unknown;Israel;86
Oriente;Hong Kong;Finance;400;0.2;04-05-2020;Series B;Hong Kong;175
Oscar Health;New York City;Healthcare;70;0.05;23-04-2020;Unknown;United States;1300
Otonomo;Tel Aviv;Transportation;80;0.5;08-12-2022;Post-IPO;Israel;231
OutboundEngine;Austin;Marketing;52;0.28;25-03-2020;Series C;United States;48
Outbrain;New York City;Marketing;38;0.03;26-07-2022;Post-IPO;United States;394
Outreach;Seattle;Sales;60;0.05;02-08-2022;Series G;United States;489
Outreach;Seattle;Sales;70;0.07;27-02-2023;Series G;United States;489
Outschool;SF Bay Area;Education;31;0.18;05-07-2022;Series D;United States;240
Outschool;SF Bay Area;Education;43;0.25;10-12-2022;Series D;United States;240
Outside;Boulder;Media;87;0.15;20-05-2022;Series B;United States;174
Overtime;New York City;Media;30;0.23;25-03-2020;Series B;United States;35
OwnBackup;New York City;Security;170;0.17;15-11-2022;Series E;United States;507
Oye Rickshaw;New Delhi;Transportation;40;0.2;29-06-2022;Unknown;India;13
Pacaso;SF Bay Area;Real Estate;100;0.3;11-10-2022;Series C;United States;217
Packable;New York City;Retail;138;0.2;23-08-2022;Unknown;United States;472
Pagaya;New York City;Finance;140;0.2;18-01-2023;Post-IPO;United States;571
PagBank;Sao Paulo;Finance;500;0.07;16-01-2023;Post-IPO;Brazil;NULL
PaisaBazaar;Gurugram;Finance;1500;0.5;16-06-2020;Series G;India;496
Palantir;Denver;Data;75;0.02;27-02-2023;Post-IPO;United States;3000
Panda Squad;SF Bay Area;Consumer;6;0.75;13-03-2020;Seed;United States;1
Parler;Nashville;Consumer;60;0.75;10-01-2023;Series B;United States;36
Parsable;SF Bay Area;HR;40;0.25;15-04-2020;Series C;United States;72
PartnerStack;Toronto;Sales;40;0.2;24-01-2023;Series B;Canada;36
PatientPop;Los Angeles;Healthcare;100;0.2;01-04-2020;Series B;United States;75
Patreon;SF Bay Area;Media;30;0.13;21-04-2020;Series D;United States;165
Patreon;SF Bay Area;Media;80;0.17;13-09-2022;Series F;United States;413
Pavilion Data;SF Bay Area;Infrastructure;96;0.96;10-10-2022;Series D;United States;103
PayFit;Paris;HR;200;0.2;01-03-2023;Series E;France;495
PayJoy;SF Bay Area;Finance;27;0.25;28-04-2020;Series B;United States;71
PayPal;SF Bay Area;Finance;2000;0.07;31-01-2023;Post-IPO;United States;216
PayU;Amsterdam;Finance;150;0.06;26-12-2022;Acquired;Netherlands;NULL
Pear Therapeutics;Boston;Healthcare;59;0.22;14-11-2022;Post-IPO;United States;409
Pear Therapeutics;Boston;Healthcare;59;0.22;16-11-2022;Post-IPO;United States;409
Pear Therapeutics;Boston;Healthcare;25;0.09;25-07-2022;Post-IPO;United States;409
Pecan AI;Tel Aviv;Data;30;0.25;05-01-2023;Series C;Israel;116
Peerspace;SF Bay Area;Real Estate;41;0.75;26-03-2020;Series B;United States;34
PeerStreet;Los Angeles;Finance;51;0.3;30-03-2020;Series C;United States;110
Pegasystems;Boston;HR;245;0.04;03-01-2023;Post-IPO;United States;NULL
Peloton;New York City;Fitness;500;0.12;06-10-2022;Post-IPO;United States;1900
Peloton;New York City;Fitness;784;0.13;12-08-2022;Post-IPO;United States;1900
Peloton;New York City;Fitness;2800;0.2;08-02-2022;Post-IPO;United States;1900
Pendo;Raleigh;Product;45;0.05;07-09-2022;Series F;United States;469
People.ai;SF Bay Area;Marketing;30;0.18;17-04-2020;Series C;United States;100
Perimeter 81;Tel Aviv;Security;20;0.08;06-12-2022;Series C;Israel;165
Perion;Tel Aviv;Marketing;20;0.05;08-08-2022;Post-IPO;Israel;76
PerkSpot;Chicago;HR;10;0.1;06-04-2020;Private Equity;United States;50
Permutive;London;Marketing;30;0.12;10-08-2022;Series C;United Kingdom;105
Personetics;New York City;Support;30;0.08;05-01-2023;Private Equity;United States;178
Philips;Amsterdam;Healthcare;4000;0.05;24-10-2022;Post-IPO;Netherlands;NULL
Philips;Amsterdam;Healthcare;6000;0.13;30-01-2023;Post-IPO;Netherlands;NULL
PickYourTrail;Chennai;Travel;70;0.35;21-05-2020;Series A;India;3
Pico Interactive;SF Bay Area;Other;400;0.2;16-02-2023;Acquired;United States;62
Picsart;Miami;Consumer;90;0.08;17-05-2022;Series C;United States;195
Pier;Sao Paulo;Finance;111;0.39;12-01-2023;Series B;Brazil;42
Pipedrive;Tallinn;Sales;143;0.15;14-11-2022;Private Equity;Estonia;90
Pipl;Spokane;Security;22;0.13;23-06-2022;Unknown;United States;19
Pitch;Berlin;Marketing;59;0.3;14-09-2022;Series B;Germany;137
Plaid;SF Bay Area;Finance;260;0.2;07-12-2022;Series D;United States;734
Planetly;Berlin;Other;200;1;04-11-2022;Acquired;Germany;5
Plato;SF Bay Area;HR;29;0.5;23-08-2022;Seed;United States;3
Playdots;New York City;Consumer;65;1;13-10-2022;Acquired;United States;10
Playtika;Tel Aviv;Consumer;250;0.06;31-05-2022;Post-IPO;Israel;NULL
Playtika;Tel Aviv;Consumer;600;0.15;09-12-2022;Post-IPO;Israel;NULL
Pleo;Copenhagen;Finance;150;0.15;03-11-2022;Series C;United States;428
Pliops;Tel Aviv;Data;12;0.09;16-08-2022;Series D;Israel;205
Plum;Bengaluru;Healthcare;36;0.1;09-11-2022;Series A;India;20
Pluralsight;Salt Lake City;Education;400;0.2;12-12-2022;Acquired;United States;192
Pocket Aces;Mumbai;Media;50;0.25;06-02-2023;Unknown;India;19
Pocketmath;Singapore;Marketing;21;1;20-01-2021;Unknown;Singapore;20
PolicyGenius;New York City;Finance;170;0.25;02-06-2022;Series E;United States;286
Pollen;London;Travel;69;0.31;19-05-2020;Series B;United Kingdom;88
Pollen;London;Travel;200;0.33;10-05-2022;Series C;United Kingdom;238
Polly;Burlington;Finance;47;0.15;02-12-2022;Series C;United States;184
Polygon;Bengaluru;Crypto;100;0.2;21-02-2023;Unknown;India;451
Pomelo Fashion;Bangkok;Retail;55;0.08;08-09-2022;Unknown;Thailand;120
Postmates;SF Bay Area;Food;180;0.15;23-01-2021;Acquired;United States;763
Preply;Boston;Education;26;0.05;09-06-2022;Series C;United States;100
Primer;London;Finance;85;0.33;09-12-2022;Series B;United Kingdom;73
Procore;Los Angeles;Construction;180;0.09;28-07-2020;Unknown;United States;649
Productboard;SF Bay Area;Product;100;0.2;15-11-2022;Series D;United States;NULL
Project44;Chicago;Logistics;63;0.05;15-07-2022;Unknown;United States;817
Protocol;SF Bay Area;Media;60;1;15-11-2022;Acquired;United States;NULL
Protocol Labs;SF Bay Area;Crypto;89;0.2;03-02-2023;Unknown;United States;10
Puppet;Portland;Infrastructure;50;0.1;26-03-2020;Series F;United States;149
Q4;Toronto;Other;50;0.08;23-08-2022;Series C;Canada;91
Qualtrics;Salt Lake City;Other;270;0.05;11-01-2023;Post-IPO;United States;400
Quandoo;Berlin;Food;87;0.2;03-02-2021;Acquired;Germany;39
Quantcast;SF Bay Area;Marketing;30;0.05;08-04-2020;Series C;United States;65
Quantcast;SF Bay Area;Marketing;40;0.06;29-07-2022;Series C;United States;65
Quanterix;Boston;Healthcare;130;0.25;09-08-2022;Post-IPO;United States;533
Quanto;Sao Paulo;Finance;28;0.22;22-07-2022;Series A;Brazil;15
Quartz;New York City;Media;80;0.4;14-05-2020;Acquired;United States;NULL
Quidax;Lagos;Crypto;20;0.2;24-11-2022;Unknown;Nigeria;3
QuintoAndar;Sao Paulo;Real Estate;88;0.08;17-04-2020;Series D;Brazil;335
QuintoAndar;Sao Paulo;Real Estate;160;0.04;19-04-2022;Series E;Brazil;755
Qumulo;Seattle;Data;80;0.19;29-06-2022;Series E;United States;347
Rad Power Bikes;Seattle;Transportation;63;0.1;21-07-2022;Series D;United States;329
Rad Power Bikes;Seattle;Transportation;100;0.14;12-04-2022;Series D;United States;329
Rangle;Toronto;Product;78;0.3;25-03-2020;Unknown;Canada;NULL
Rasa;Berlin;Data;59;0.4;30-03-2022;Series B;Germany;40
Reali;SF Bay Area;Real Estate;140;1;24-08-2022;Series B;United States;117
RealSelf;Seattle;Healthcare;11;0.05;21-07-2022;Series B;United States;42
RealSelf;Seattle;Healthcare;40;0.13;21-04-2020;Series B;United States;42
Recharge;Los Angeles;Finance;84;0.17;27-10-2022;Series B;United States;277
Redesign Health;New York City;Healthcare;67;0.2;10-10-2022;Series C;United States;315
Redfin;Seattle;Real Estate;236;0.07;07-04-2020;Post-IPO;United States;319
Redfin;Seattle;Real Estate;470;0.08;14-06-2022;Post-IPO;United States;319
Redfin;Seattle;Real Estate;862;0.13;09-11-2022;Post-IPO;United States;320
Redox;Madison;Healthcare;44;0.25;16-06-2020;Series C;United States;50
REE Automotive;Tel Aviv;Transportation;31;0.11;09-02-2023;Post-IPO;Israel;317
Reef;Miami;Transportation;750;0.05;06-05-2022;Unknown;United States;1500
Relativity;Chicago;Legal;150;0.1;07-12-2022;Private Equity;United States;125
Relevel;Bengaluru;HR;40;0.2;10-01-2023;NULL;India;NULL
Remote;SF Bay Area;HR;100;0.09;06-07-2022;Series C;United States;496
Remote Year;Chicago;Travel;50;0.5;19-03-2020;Series B;United States;17
Renmoney;Lagos;Finance;391;0.5;28-04-2020;Unknown;Nigeria;NULL
RenoRun;Montreal;Construction;70;0.12;04-08-2022;Series B;Canada;163
RenoRun;Montreal;Construction;210;0.43;27-10-2022;Series B;Canada;163
Repertoire Immune Medicines;Boston;Healthcare;65;0.5;08-11-2022;Series B;United States;257
ResearchGate;Berlin;Other;25;0.1;28-11-2022;Series D;Germany;87
Revelate;Montreal;Data;24;0.3;16-12-2022;Series A;Canada;26
Revolut;London;Finance;60;0.03;11-05-2020;Series D;United Kingdom;837
Rhino;New York City;Real Estate;57;0.2;03-02-2022;Unknown;United States;133
Rhumbix;SF Bay Area;Construction;16;0.27;10-04-2020;Series B;United States;35
Ribbon;New York City;Real Estate;170;0.85;14-11-2022;Series C;United States;405
Ridecell;SF Bay Area;Transportation;35;0.15;14-05-2020;Series B;United States;73
RigUp;Austin;Energy;120;0.25;30-03-2020;Series D;United States;423
Ritual;Toronto;Food;23;0.16;22-06-2022;Series C;Canada;134
Ritual;Toronto;Food;196;0.54;02-04-2020;Series C;Canada;112
Rivian;Detroit;Transportation;40;0.02;02-06-2020;Private Equity;United States;3100
Rivian;Detroit;Transportation;840;0.06;27-07-2022;Post-IPO;United States;10700
Robinhood;SF Bay Area;Finance;340;0.09;26-04-2022;Post-IPO;United States;5600
Robinhood;SF Bay Area;Finance;713;0.23;02-08-2022;Post-IPO;United States;5600
Rock Content;Belo Horizonte;Marketing;100;0.2;06-04-2020;Series A;Brazil;1
Roku;SF Bay Area;Media;200;0.07;17-11-2022;Post-IPO;United States;208
Root Insurance;Columbus;Finance;137;0.2;09-11-2022;Post-IPO;United States;527
Rover;Seattle;Consumer;194;0.41;31-03-2020;Series G;United States;310
Rows;Berlin;Other;18;0.3;29-06-2022;Series B;Germany;25
Rubicon Project;Los Angeles;Marketing;50;0.08;06-05-2020;Post-IPO;United States;60
Rubius;Boston;Healthcare;160;0.75;13-09-2022;Post-IPO;United States;445
Rupeek;Bengaluru;Finance;180;0.15;07-06-2022;Unknown;India;172
SafeGraph;SF Bay Area;Data;27;0.25;27-06-2022;Series B;United States;61
Sage Therapeutics;Boston;Healthcare;340;0.53;07-04-2020;Post-IPO;United States;438
Saks.com;New York City;Retail;100;0.05;19-01-2023;Unknown;United States;965
Salesforce;SF Bay Area;Sales;1000;0.01;07-11-2022;Post-IPO;United States;65
Salesforce;SF Bay Area;Sales;1000;0.0185;26-08-2020;Post-IPO;United States;65
Salesforce;SF Bay Area;Sales;8000;0.1;04-01-2023;Post-IPO;United States;65
Salesloft;Atlanta;Sales;100;0.1;07-02-2023;Acquired;United States;245
Salsify;Boston;Retail;60;0.13;03-04-2020;Series D;United States;97
Salsify;Boston;Retail;90;0.11;16-11-2022;Series F;United States;452
Sami;Sao Paulo;Healthcare;75;0.15;14-06-2022;Unknown;Brazil;36
Samsara;SF Bay Area;Logistics;300;0.18;20-05-2020;Series F;United States;530
Sanar;Sao Paulo;Healthcare;60;0.2;10-06-2022;Unknown;Brazil;11
Sandbox VR;SF Bay Area;Consumer;80;0.8;01-05-2020;Series A;United States;82
SAP;Walldorf;Other;3000;0.03;26-01-2023;Post-IPO;Germany;1300
Sauce Labs;SF Bay Area;Infrastructure;30;0.15;02-04-2020;Unknown;United States;151
ScaleFactor;Austin;Finance;90;0.9;23-06-2020;Series C;United States;103
ScaleFocus;Sofia;Infrastructure;120;0.1;11-06-2020;Unknown;Bulgaria;NULL
Scoop;SF Bay Area;Transportation;92;0.33;08-04-2020;Series C;United States;95
SecureWorks;Atlanta;Security;212;0.09;07-02-2023;Post-IPO;United States;83
Segment;SF Bay Area;Data;50;0.1;06-05-2020;Series D;United States;283
Sema4;Stamford;Healthcare;250;0.13;15-08-2022;Post-IPO;United States;791
SEND;Sydney;Food;300;1;04-05-2022;Seed;Australia;3
Sendle;Sydney;Logistics;27;0.12;04-07-2022;Series C;Australia;69
Sendy;Nairobi;Logistics;30;0.1;02-08-2022;Series B;Kenya;26
Sendy;Nairobi;Logistics;54;0.2;02-08-2022;Series B;Kenya;26
Sensibill;Toronto;Finance;17;0.2;01-04-2020;Series B;Canada;50
ServiceTitan;Los Angeles;Sales;221;0.08;15-02-2023;Series G;United States;1100
Shakepay;Montreal;Crypto;21;0.25;27-01-2023;Series A;Canada;45
Share Now;Berlin;Transportation;150;0.36;09-12-2022;Acquired;Germany;NULL
ShareChat;Bengaluru;Consumer;500;0.2;16-01-2023;Series H;India;1700
ShareChat;Bengaluru;Marketing;101;0.25;20-05-2020;Series D;India;222
Shippo;SF Bay Area;Logistics;60;0.2;03-11-2022;Series E;United States;154
Shipsi;Los Angeles;Retail;20;0.5;28-04-2020;Seed;United States;2
Shogun;SF Bay Area;Retail;48;0.3;09-08-2022;Series C;United States;114
Shop101;Mumbai;Retail;200;0.4;15-04-2020;Series C;India;19
Shopify;Ottawa;Retail;1000;0.1;26-07-2022;Post-IPO;Canada;122
Showpad;Chicago;Marketing;52;0.12;01-04-2020;Series D;United States;159
Sidecar Health;Los Angeles;Healthcare;110;0.4;28-06-2022;Series C;United States;163
SimilarWeb;New York City;Other;120;0.1;16-11-2022;Post-IPO;United States;235
Simple Feast;Copenhagen;Food;150;1;07-09-2022;Unknown;Denmark;173
SIRCLO;Jakarta;Retail;160;0.08;22-11-2022;Series B;Indonesia;92
SirionLabs;Seattle;Legal;130;0.15;25-01-2023;Series D;United States;171
SiriusXM;New York City;Media;475;0.08;06-03-2023;Post-IPO;United States;525
Sisense;New York City;Data;80;0.09;23-04-2020;Series F;United States;274
Skai;Tel Aviv;Marketing;30;0.04;27-07-2022;Series E;Israel;60
Skedulo;SF Bay Area;HR;31;0.08;23-08-2022;Series C;United States;114
Skillz;SF Bay Area;Consumer;70;0.1;20-05-2022;Post-IPO;United States;287
Skyscanner;Edinburgh;Travel;300;0.2;14-07-2020;Acquired;United Kingdom;197
SkySlope;Sacramento;Real Estate;50;0.25;31-03-2020;Acquired;United States;NULL
SmartNews;Tokyo;Media;120;0.4;12-01-2023;Series F;United States;410
Smartsheet;Seattle;Other;85;0.03;16-02-2023;Post-IPO;United States;152
Smava;Berlin;Finance;100;0.1;31-08-2022;Unknown;Germany;188
Smava;Berlin;Finance;100;0.15;02-11-2022;Unknown;Germany;188
Snap;Los Angeles;Consumer;1280;0.2;31-08-2022;Post-IPO;United States;4900
Snappy;New York City;Marketing;100;0.3;15-01-2023;Series C;United States;104
Snyk;Boston;Security;198;0.14;24-10-2022;Series F;United States;849
Socure;Reno;Finance;69;0.13;17-06-2022;Series E;United States;646
Socure;Reno;Finance;104;0.19;05-01-2023;Series E;United States;646
SoFi;SF Bay Area;Finance;112;0.07;20-05-2020;Private Equity;United States;2500
Software AG;Frankfurt;Data;200;0.04;31-01-2023;Post-IPO;Germany;344
Sojern;SF Bay Area;Marketing;300;0.5;03-04-2020;Series D;United States;162
Soluto;Tel Aviv;Support;120;1;24-07-2022;Acquired;Israel;18
Sonder;SF Bay Area;Travel;100;0.14;01-03-2023;Post-IPO;United States;839
Sonder;SF Bay Area;Travel;250;0.21;08-06-2022;Post-IPO;United States;839
Sonder;SF Bay Area;Travel;400;0.33;24-03-2020;Series D;United States;359
Sonos;New York City;Consumer;174;0.12;24-06-2020;Post-IPO;United States;455
Sophos;Oxford;Security;450;0.1;18-01-2023;Acquired;United States;125
SoundHound;SF Bay Area;Other;45;0.1;10-11-2022;Post-IPO;United States;326
SoundHound;SF Bay Area;Other;200;0.5;05-01-2023;Post-IPO;United States;326
Sourcegraph;SF Bay Area;Product;24;0.08;21-06-2022;Series D;United States;248
Spin;SF Bay Area;Transportation;78;0.1;30-09-2022;Acquired;United States;8
Splunk;SF Bay Area;Data;70;0.01;16-06-2020;Post-IPO;United States;40
Splunk;SF Bay Area;Data;325;0.04;01-02-2023;Post-IPO;United States;2400
SpotHero;Chicago;Transportation;40;0.21;03-06-2020;Series D;United States;117
Spotify;Stockholm;Media;600;0.06;23-01-2023;Post-IPO;Sweden;2100
Springbig;Miami;Sales;37;0.23;01-12-2022;Post-IPO;United States;32
Sprinklr;New York City;Support;100;0.04;15-02-2023;Post-IPO;United States;429
Spyce;Boston;Food;4;0.12;08-04-2020;Series A;United States;26
SQream;New York City;Data;30;0.18;06-07-2022;Series B;United States;77
SSense;Montreal;Retail;138;0.07;27-01-2023;Series A;Canada;NULL
Stack Overflow;New York City;Recruiting;40;0.15;05-05-2020;Series D;United States;68
Starry;Boston;Other;100;0.24;18-01-2023;Post-IPO;United States;260
Stash;New York City;Finance;32;0.08;06-12-2022;Unknown;United States;480
Stash Financial;New York City;Finance;40;0.08;30-06-2022;Unknown;United States;480
Stashaway;Singapore;Finance;31;0.14;09-06-2022;Series D;Singapore;61
Stay Alfred;Spokane;Travel;221;1;20-05-2020;Series B;United States;62
Stedi;Boulder;Product;23;0.3;02-08-2022;Series B;United States;75
Stint;London;HR;28;0.2;19-07-2022;Unknown;United Kingdom;NULL
Stitch Fix;SF Bay Area;Retail;330;0.15;09-06-2022;Post-IPO;United States;79
Stitch Fix;SF Bay Area;Retail;1400;0.18;01-06-2020;Post-IPO;United States;79
StockX;Detroit;Retail;100;0.12;23-04-2020;Series C;United States;160
StockX;Detroit;Retail;120;0.08;28-06-2022;Series E;United States;690
Stone;Sao Paulo;Finance;1300;0.2;12-05-2020;Post-IPO;Brazil;NULL
Stoqo;Jakarta;Food;250;1;25-04-2020;Series A;Indonesia;NULL
Stord;Atlanta;Logistics;59;0.08;02-06-2022;Series D;United States;325
Storytel;Stockholm;Media;100;0.1;17-03-2022;Post-IPO;Sweden;275
Stream;Boulder;Product;20;0.12;30-06-2022;Series B;United States;58
StreamElements;Tel Aviv;Media;40;0.2;10-01-2023;Series B;Israel;111
Stripe;SF Bay Area;Finance;1000;0.14;03-11-2022;Series H;United States;2300
Studio;SF Bay Area;Education;33;0.4;13-06-2022;Series B;United States;50
Stytch;SF Bay Area;Security;19;0.25;27-02-2023;Series B;United States;126
Submittable;Missoula;Other;30;0.2;25-04-2020;Series B;United States;17
Substack;SF Bay Area;Media;13;0.14;29-06-2022;Series B;United States;82
SummerBio;SF Bay Area;Healthcare;101;1;20-06-2022;Unknown;United States;7
SumUp;Sao Paulo;Finance;100;0.03;30-05-2022;Unknown;Brazil;50
Sunday;Atlanta;Finance;90;0.23;24-06-2022;Series A;United States;124
SundaySky;New York City;Marketing;24;0.13;11-07-2022;Series D;United States;74
Superhuman;SF Bay Area;Consumer;23;0.22;03-06-2022;Series C;United States;108
Superpedestrian;Boston;Transportation;35;0.07;22-06-2022;Series C;United States;261
Swappie;Helsinki;Retail;250;0.17;15-06-2022;Series C;Finland;169
Sweetgreen;Los Angeles;Food;35;0.1;17-04-2020;Series I;United States;478
Swiggy;Bengaluru;Food;250;0.03;08-12-2022;Unknown;India;3600
Swiggy;Bengaluru;Food;350;0.05;27-07-2020;Series I;India;1600
Swiggy;Bengaluru;Food;380;0.06;20-01-2023;Unknown;India;3600
Swiggy;Bengaluru;Food;1100;0.14;18-05-2020;Series I;India;1600
SWVL;Dubai;Transportation;400;0.32;30-05-2022;Post-IPO;United Arab Emirates;132
Swyft;Toronto;Logistics;10;0.3;15-06-2022;Series A;Canada;20
Swyftx;Brisbane;Crypto;74;0.21;17-08-2022;Unknown;Australia;NULL
Swyftx;Brisbane;Crypto;90;0.4;05-12-2022;Unknown;Australia;NULL
Synamedia;London;Media;200;0.12;22-02-2023;Unknown;United Kingdom;NULL
SynapseFI;SF Bay Area;Finance;63;0.48;12-06-2020;Series B;United States;50
Synapsica;New Delhi;Healthcare;30;0.3;21-10-2022;Series A;India;4
Synergysuite;Salt Lake City;Food;5;0.07;02-04-2020;Series A;United States;6
Synthego;SF Bay Area;Healthcare;105;0.2;18-11-2022;Series E;United States;459
Syte;Tel Aviv;Retail;13;0.08;05-07-2022;Series C;Israel;71
Taboola;New York City;Marketing;100;0.06;13-09-2022;Post-IPO;United States;445
Tally;SF Bay Area;Finance;28;0.23;07-05-2020;Series C;United States;92
Tamara Mellon;Los Angeles;Retail;20;0.4;12-03-2020;Series C;United States;90
TaskUs;Los Angeles;Support;52;0;21-06-2022;Post-IPO;United States;279
TCR2;Boston;Healthcare;30;0.2;31-08-2022;Post-IPO;United States;173
Teachmint;Bengaluru;Education;45;0.05;30-11-2022;Series B;India;118
TealBook;Toronto;Other;34;0.19;17-11-2022;Series B;Canada;73
TechTarget;Boston;Marketing;60;0.05;08-12-2022;Post-IPO;United States;115
Teladoc Health;New York City;Healthcare;300;0.06;18-01-2023;Post-IPO;United States;172
Teleport;SF Bay Area;Infrastructure;15;0.06;01-07-2022;Series C;United States;169
Textio;Seattle;Recruiting;30;0.2;27-03-2020;Unknown;United States;41
The Athletic;SF Bay Area;Media;46;0.08;05-06-2020;Series D;United States;139
The Grommet;Boston;Retail;40;1;09-06-2022;Acquired;United States;5
The Guild;Austin;Travel;38;0.22;23-03-2020;Series B;United States;36
The Iconic;Sydney;Retail;69;0.06;23-02-2023;Unknown;Australia;NULL
